VOORKEURSTERM;HOOFDONDERWERP;DEFINITIE
Advies FG;DPIA - 00. Algemeen;Advies FG is een beschrijving van wat de [functionaris voor gegevensbescherming] van een [verwerkingsverantwoordelijke] die de [DPIA] opstelt heeft geadviseerd, en wat met dat advies is gedaan.
Afdeling;DPIA - 00. Algemeen;Een afdeling is een [organisatorische eenheid] als onderdeel van de afdelingshiërarchie van een organisatie.
Document;DPIA - 00. Algemeen;Een document is een [informatieobject] dat eenvoudig kan worden gedeeld met andere partijen, en (ook) voor mensen leesbare tekst bevat.
Documentbeheerder;DPIA - 00. Algemeen;Een documentbeheerder is een persoon in een [functie] die namens een [verwerkingsverantwoordelijke] die een [DPIA] opstelt verantwoordelijk is voor de opslag van dat [DPIA] [document].
DPIA;DPIA - 00. Algemeen;Een DPIA is een instrument om van een [organisatorische activiteit], waarbij [persoonsgegevens] worden verwerkt, de [risico’s voor betrokkenen] in kaart te brengen en te beoordelen in hoeverre de huidige [maatregelen] voldoen en welke aanvullende [maatregelen] genomen moeten worden om de [risico’s voor betrokkenen] zoveel mogelijk te mitigeren.
DPIA dossier;DPIA - 00. Algemeen;Het DPIA dossier bevat [documenten] die betrekking hebben op het onderwerp van die [DPIA].
DPIA inleiding;DPIA - 00. Algemeen;Een DPIA inleiding is een optionele openingstekst van een [DPIA].
DPIA managementsamenvatting;DPIA - 00. Algemeen;Een DPIA managementsamenvatting is een samenvatting van een [DPIA] die de belangrijkste punten omvat, met name de geïdentificeerde [risico's voor betrokkenen] en (voorgenomen) [maatregelen] om de [risico's voor betrokkenen] te mitigeren.
DPIA onderwerp;DPIA - 00. Algemeen;Een DPIA onderwerp is een aspect dat expliciet wordt beschouwd binnen een [DPIA].
DPIA opslaglocatie;DPIA - 00. Algemeen;Een DPIA opslaglocatie is de locatie waar een [documentbeheerder], namens een [verwerkingsverantwoordelijke] die een [DPIA] opstelt, dat [DPIA] [document] opslaat.
DPIA status;DPIA - 00. Algemeen;DPIA status is een aanduiding van de toestand waarin een [DPIA] zich bevindt.
DPIA status: Akkoord;DPIA - 00. Algemeen;Akkoord is een [DPIA status] die aangeeft dat alle [verwerkingsverantwoordelijken] die de [DPIA] opstellen de [DPIA] akkoord hebben bevonden middels ondertekening.
DPIA status: Niet akkoord;DPIA - 00. Algemeen;Niet akkoord is een [DPIA status] die aangeeft dat niet alle [verwerkingsverantwoordelijken] die de [DPIA] opstellen de [DPIA] akkoord hebben bevonden middels ondertekening.
Functie;DPIA - 00. Algemeen;Een functie is een set van taken, bevoegdheden en verantwoordelijkheden, die gedefinieerd is in termen van het werk van de [organisatorische eenheid] van de betreffende persoon.
Functionaris voor gegevensbescherming;DPIA - 00. Algemeen;De functionaris voor gegevensbescherming is een [functie] die binnen een organisatie toezicht houdt op de toepassing en naleving van de privacywetgeving.
Informatieobject;DPIA - 00. Algemeen;Een informatieobject is een op zichzelf staand geheel van gegevens met een eigen identiteit.
Normenkader;DPIA - 00. Algemeen;Een normenkader is een richtinggevende set van objecten en normen die beschrijven hoe je juiste beheersing op een onderwerp kan doen, en wat door een auditor getoetst kan worden.
Organisatorische activiteit;DPIA - 00. Algemeen;
Organisatorische eenheid;DPIA - 00. Algemeen;Een organisatorische eenheid is een groep binnen een [partij] die is gevormd ter behartiging van een specifieke [partij]-doelstelling. [Partijen] die [natuurlijke personen] zijn hebben geen organisatorische eenheden.
Partij;DPIA - 00. Algemeen;Een partij is een [natuurlijk persoon], een rechtspersoon of een overheidsorgaan.
Versie;DPIA - 00. Algemeen;Een versie is een afzonderlijk [informatieobject] uit een reeks die door opeenvolgende wijzigingen is ontstaan.
Voorschrift;DPIA - 00. Algemeen;
Voorstel;DPIA - 01. Voorstel;Het voorstel is een beschrijving van waar een [DPIA] over gaat, op hoofdlijnen, hoe het voorstel tot stand is gekomen en wat de beweegredenen zijn achter de totstandkoming van het voorstel.
Bron persoonsgegevens;DPIA - 02. Persoonsgegevens;Bron persoonsgegevens is een [classificatie] die aangeeft of een [persoonsgegeven] direct van de [betrokkene] komt, of via een [betrokken partij].
Bron persoonsgegevens: rechtstreeks bij betrokkene;DPIA - 02. Persoonsgegevens;Rechtstreeks bij betrokkene is een aanduiding van [bron persoonsgegevens] die aangeeft dat een [persoonsgegeven] direct van de [betrokkene] komt.
Bron persoonsgegevens: via betrokken partij;DPIA - 02. Persoonsgegevens;Via betrokken partij is een aanduiding van [bron persoonsgegevens] die aangeeft dat een [persoonsgegeven] niet direct van de [betrokkene] komt, maar via een [betrokken partij].
Bron tool/platform;DPIA - 02. Persoonsgegevens;Bron tool/platform is een tool of platform vanuit waar [persoonsgegevens] worden gedeeld.
Categorie betrokkenen;DPIA - 02. Persoonsgegevens;Een categorie betrokkenen is een groepering van [betrokkenen].
Categorie persoonsgegevens;DPIA - 02. Persoonsgegevens;Een categorie persoonsgegevens is een groepering van [persoonsgegevens].
Classificatie;DPIA - 02. Persoonsgegevens;Een classificatie is een indeling of groepering van objecten, gegevens of waarden in categorieën of klassen op basis van gedeelde kenmerken of criteria.
Classificatie persoonsgegevens: bevat geen persoonsgegevens;DPIA - 02. Persoonsgegevens;Bevat geen persoonsgegevens is een [classificatie] die aangeeft dat specifieke informatie geen [persoonsgegevens] bevat.
Classificatie persoonsgegevens: bevat persoonsgegevens;DPIA - 02. Persoonsgegevens;Bevat persoonsgegevens is een [classificatie] die aangeeft dat specifieke informatie [persoonsgegevens] bevat.
DPIA onderwerp: persoonsgegevens;DPIA - 02. Persoonsgegevens;Persoonsgegevens is een [DPIA onderwerp] dat de [persoonsgegevens] beschrijft waar de [DPIA] betrekking op heeft.
Gegevenstype;DPIA - 02. Persoonsgegevens;Een gegevenstype definieert het type van een verzameling gegevens met gelijke eigenschappen. Het beschrijft en normeert een eigenschap van klasse objecten in de werkelijkheid. Aan een gegevenstype kan dus een eenduidige definitie worden gekoppeld, onafhankelijk van mogelijk verschillende fysieke implementaties.
Geïdentificeerde natuurlijke persoon;DPIA - 02. Persoonsgegevens;Een geïdentificeerde natuurlijke persoon is een [identificeerbare natuurlijke persoon] wiens identiteit al is vastgesteld.
Gevoelig persoonsgegeven;DPIA - 02. Persoonsgegevens;Een gevoelig persoonsgegeven is een [persoonsgegeven] dat niet expliciet in de AVG is benoemd als aparte categorie, maar dat wel een grotere impact heeft op iemands privacy dan een [gewoon persoonsgegeven].
Gewoon persoonsgegeven;DPIA - 02. Persoonsgegevens;Een gewoon persoonsgegeven is een [persoonsgegeven] dat niet expliciet in de AVG is benoemd als aparte categorie en geen grote impact heeft op iemands privacy.
Identificeerbare natuurlijke persoon;DPIA - 02. Persoonsgegevens;Een identificeerbare natuurlijke persoon is een [natuurlijke persoon] die direct of indirect kan worden geïdentificeerd.
Kwetsbaarheid;DPIA - 02. Persoonsgegevens;Kwetsbaarheid is een [classificatie] die aangeeft of een [categorie betrokkenen] een [kwetsbare groep] is.
Kwetsbaarheid: kwetsbaar;DPIA - 02. Persoonsgegevens;Kwetsbaar is een aanduiding van [kwetsbaarheid] die aangeeft dat een [categorie betrokkenen] een [kwetsbare groep] is.
Kwetsbaarheid: niet kwetsbaar;DPIA - 02. Persoonsgegevens;Niet kwetsbaar is een aanduiding van [kwetsbaarheid] die aangeeft dat een [categorie betrokkenen] geen [kwetsbare groep] is.
Kwetsbare groep;DPIA - 02. Persoonsgegevens;Een kwetsbare groep is een groep [betrokkenen] waarvoor de negatieve effecten van een [gegevensverwerking] groter kunnen zijn dan voor anderen, of waarbij er een machtsverhouding bestaat richting de [verwerkingsverantwoordelijke].
Nationaal identificatienummer;DPIA - 02. Persoonsgegevens;Een nationaal identificatienummer is een nummer dat ter identificatie van een persoon bij wet is voorgeschreven.
Natuurlijk persoon;DPIA - 02. Persoonsgegevens;Een natuurlijk persoon is een levend mens.
Oorspronkelijk verwerkingsdoeleinde;DPIA - 02. Persoonsgegevens;Het oorspronkelijk verwerkingsdoeleinde is het [verwerkingsdoeleinde] waarvoor de [persoonsgegevens] in een [gegevensverwerking] initieel zijn verzameld.
Persoonsgegeven;DPIA - 02. Persoonsgegevens;Een persoonsgegeven is een gegeven over een [geïdentificeerde natuurlijke persoon] of [identificeerbare natuurlijke persoon].
Rechtsgrond verstrekking;DPIA - 02. Persoonsgegevens;Rechtsgrond verstrekking is de [rechtsgrond] op basis waarvan [persoonsgegevens] verstrekt mogen worden.
Type persoonsgegeven;DPIA - 02. Persoonsgegevens;Type persoonsgegeven is een [classificatie] van het type waartoe een [persoonsgegeven] behoort.
Type persoonsgegeven in context van DPIA;DPIA - 02. Persoonsgegevens;Type persoonsgegeven in context van DPIA is een [Type persoonsgegeven] in context van een [DPIA].
Type persoonsgegeven: Bijzonder;DPIA - 02. Persoonsgegevens;Bijzonder is een [type persoonsgegeven]  dat aangeeft dat een [persoonsgegeven] een [bijzonder persoonsgegeven] is.
Type persoonsgegeven: Gevoelig;DPIA - 02. Persoonsgegevens;Gevoelig is een [type persoonsgegeven] dat aangeeft dat een [persoonsgegeven] een [gevoelig persoonsgegeven] is.
Type persoonsgegeven: Gewoon;DPIA - 02. Persoonsgegevens;Gewoon is een [type persoonsgegeven] dat aangeeft dat een [persoonsgegeven] een [gewoon persoonsgegeven] is.
Type persoonsgegeven: Identificatienummer;DPIA - 02. Persoonsgegevens;Identificatienummer is een [type persoonsgegeven] dat aangeeft dat een [persoonsgegeven] een [nationaal identificatienummer] is.
Type persoonsgegeven: Strafrechtelijk;DPIA - 02. Persoonsgegevens;Strafrechtelijk is een [type persoonsgegeven] dat aangeeft dat een [persoonsgegeven] een [strafrechtelijk persoonsgegeven] is.
DPIA onderwerp: gegevensverwerkingen;DPIA - 03. Gegevensverwerkingen;Gegevensverwerkingen is een [DPIA onderwerp] dat de [gegevensverwerkingen] beschrijft waar de [DPIA] betrekking op heeft.
Gegevensverwerking;DPIA - 03. Gegevensverwerkingen;Een gegevensverwerking is een bewerking of een geheel van bewerkingen met betrekking tot [persoonsgegevens] of een geheel van [persoonsgegevens].
Stroomschema;DPIA - 03. Gegevensverwerkingen;Een stroomschema is een visualisatie van [gegevensverwerkingen].
AI-systeem;DPIA - 04. Technieken en methoden;Een AI-systeem is een op een machine gebaseerd systeem dat is ontworpen om met verschillende niveaus van autonomie te werken en dat na het inzetten ervan aanpassingsvermogen kan vertonen, en dat, voor expliciete of impliciete doelstellingen, uit de ontvangen input afleidt hoe output te genereren.
AI-systeem: geen sprake van een algoritme dat kwalificeert als een AI-systeem;DPIA - 04. Technieken en methoden;Als een AI-systeem is een aanduiding van een [classificatie] van [AI-systeem] die aangeeft dat er geen sprake is van een [algoritme] dat kwalificeert als een [AI-systeem].
AI-systeem: sprake van een algoritme dat kwalificeert als een AI-systeem;DPIA - 04. Technieken en methoden;Als een AI-systeem is een aanduiding van een [classificatie] van [AI-systeem] die aangeeft dat er sprake is van een [algoritme] dat kwalificeert als een [AI-systeem].
Algoritme;DPIA - 04. Technieken en methoden;Een algoritme is een set van regels en instructies die een computer geautomatiseerd volgt bij het maken van berekeningen om een probleem op te lossen of een vraag te beantwoorden.
Algoritme: geen sprake van een algoritme;DPIA - 04. Technieken en methoden;Sprake van een algoritme is een aanduiding van een [classificatie] van [algoritme] die aangeeft dat er geen sprake is van een [algoritme].
Algoritme: sprake van een algoritme;DPIA - 04. Technieken en methoden;Sprake van een algoritme is een aanduiding van een [classificatie] van [algoritme] die aangeeft dat er sprake is van een [algoritme].
Big data-verwerking;DPIA - 04. Technieken en methoden;Een big data-verwerking is een [gegevensverwerking] waarbij grote hoeveelheden gestructureerde en ongestructureerde data uit verschillende bronnen worden verwerkt.
Cloudoplossing;DPIA - 04. Technieken en methoden;Een cloudoplossing is een toepassing of dienst die gebruikmaakt van een groot netwerk van aan elkaar gekoppelde servers om alomtegenwoordige, gemakkelijke, on-demand netwerktoegang te bieden tot een gedeelde pool van configureerbare computerbronnen.
Geautomatiseerde besluitvorming;DPIA - 04. Technieken en methoden;Geautomatiseerde besluitvorming is het nemen van besluiten met technologische middelen.
Profilering;DPIA - 04. Technieken en methoden;Profilering is elke vorm van geautomatiseerde verwerking van [persoonsgegevens] waarbij aan de hand van [persoonsgegevens] bepaalde persoonlijke aspecten van een [natuurlijke persoon] worden geëvalueerd, met name met de bedoeling de beroepsprestaties, economische situatie, gezondheid, persoonlijke voorkeuren, interesses, betrouwbaarheid, gedrag, locatie of verplaatsingen te analyseren of te voorspellen.
Semi-geautomatiseerde besluitvorming;DPIA - 04. Technieken en methoden;Semi-geautomatiseerde besluitvorming is [geautomatiseerde besluitvorming] met menselijke tussenkomst, maar zonder betekenisvolle menselijke tussenkomst.
Technieken en methoden van gegevensverwerking;DPIA - 04. Technieken en methoden;Technieken en methoden van gegevensverwerking zijn de middelen en processen waarmee [persoonsgegevens] worden verwerkt.
DPIA onderwerp: verwerkingsdoeleinden;DPIA - 05. Verwerkingsdoeleinden;Verwerkingsdoeleinden is een [DPIA onderwerp] dat de [verwerkingsdoeleinden] beschrijft van de [gegevensverwerkingen] waar de [DPIA] betrekking op heeft.
Verwerkingsdoeleinde;DPIA - 05. Verwerkingsdoeleinden;"Het verwerkingsdoeleinde is het resultaat dat wordt beoogd met een [gegevensverwerking]. Een verwerkingsdoeleinde is altijd welbepaald, uitdrukkelijk
omschreven en gerechtvaardigd."
AVG-rol;DPIA - 06. Betrokken partijen;Een AVG-rol is een hoedanigheid waarin een [partij] betrokken kan zijn bij een [gegevensverwerking].
Betrokken partij;DPIA - 06. Betrokken partijen;Een betrokken partij is een [partij] die in een [AVG-rol] betrokken is bij een [gegevensverwerking].
Betrokkene;DPIA - 06. Betrokken partijen;Een betrokkene is een [geïdentificeerde natuurlijke persoon] of [identificeerbare natuurlijke persoon] binnen de [gegevensverwerkingen].
Derde;DPIA - 06. Betrokken partijen;Een derde is een [partij] die geen [betrokkene], [verwerkingsverantwoordelijke], [verwerker], [sub-verwerker] of een persoon is die rechtstreeks onder gezag van de [verwerkingsverantwoordelijke] of de [verwerker] gemachtigd is om de [persoonsgegevens] te verwerken. De derde is wel een [partij] die betrokken is bij de [gegevensverwerking], maar daar niet op een directe manier mee te maken heeft.
DPIA onderwerp: betrokken partijen;DPIA - 06. Betrokken partijen;Betrokken partijen is een [DPIA onderwerp] dat de [betrokken partijen] beschrijft die betrokken zijn bij de [gegevensverwerkingen] waar de [DPIA] betrekking op heeft.
Functie/afdeling met toegang tot persoonsgegevens bekend;DPIA - 06. Betrokken partijen;Functie/afdeling met toegang tot persoonsgegevens bekend is een [classificatie] of het bekend is welke [functies] of [afdelingen] van een [partij] toegang krijgen tot welke [persoonsgegevens] in de [gegevensverwerking].
Functie/afdeling met toegang tot persoonsgegevens bekend: bekend;DPIA - 06. Betrokken partijen;Bekend is een aanduiding van [Functie/afdeling met toegang tot persoonsgegevens bekend] die aangeeft dat het bekend is welke [functies] of [afdelingen] van een [partij] toegang krijgen tot welke [persoonsgegevens] in de [gegevensverwerking].
Functie/afdeling met toegang tot persoonsgegevens bekend: onbekend;DPIA - 06. Betrokken partijen;Onbekend is een aanduiding van [Functie/afdeling met toegang tot persoonsgegevens bekend] die aangeeft dat het niet bekend is welke [functies] of [afdelingen] van een [partij] toegang krijgen tot welke [persoonsgegevens] in de [gegevensverwerking].
Gezamenlijke verwerkingsverantwoordelijke;DPIA - 06. Betrokken partijen;Een gezamenlijke verwerkingsverantwoordelijke is een [verwerkingsverantwoordelijke] die met één of meer andere [verwerkingsverantwoordelijken] gezamenlijk de [verwerkingsdoeleinden] en middelen van de [gegevensverwerking] bepaalt.
Ontvanger;DPIA - 06. Betrokken partijen;Een ontvanger is een [partij] aan wie/waaraan de [persoonsgegevens] worden verstrekt.
Sub-verwerker;DPIA - 06. Betrokken partijen;De sub-verwerker is de [partij] die primair de opdracht krijgt van de [verwerker] of een andere sub-verwerker om [persoonsgegevens] te verwerken.
Verstrekker;DPIA - 06. Betrokken partijen;Een  verstrekker is een [partij] die/dat [persoonsgegevens] verstrekt aan een andere [partij].
Verwerker;DPIA - 06. Betrokken partijen;Een verwerker is een [partij] die/dat ten behoeve van de [verwerkingsverantwoordelijke] [persoonsgegevens] verwerkt.
Verwerkingsverantwoordelijke;DPIA - 06. Betrokken partijen;Een verwerkingsverantwoordelijke is een [partij] die/dat het [verwerkingsdoeleinde] van en de middelen voor de [gegevensverwerking] vaststelt.
Belang;DPIA - 07. Belangen;Een belang is hetgeen waaraan een [partij] waarde hecht met betrekking tot een [gegevensverwerking].
Belangenafweging;DPIA - 07. Belangen;Een belangenafweging is het op waarde schatten van twee vaak tegenstrijdige [belangen] en bepalen welk [belang] het zwaarst weegt.
Consultatie van betrokkenen;DPIA - 07. Belangen;Consultatie van betrokkenen is het vragen van [betrokkenen] of hun vertegenwoordigers naar hun mening over de [gegevensverwerking].
DPIA onderwerp: belangen;DPIA - 07. Belangen;Belangen is een [DPIA onderwerp] dat de [belangen] beschrijft van de [betrokken partijen] bij de [gegevensverwerkingen] waar de [DPIA] betrekking op heeft.
Toelichting consultatie betrokkenen DPIA;DPIA - 07. Belangen;Toelichting consultatie betrokkenen DPIA is een beschrijving van [consultatie van betrokkenen] en/of motivatie waarom [consultatie van betrokkenen] niet plaats vindt.
Derde land;DPIA - 08. Verwerkingslocaties;Een derde land is een land buiten de [EER].
Doorgiftemechanisme;DPIA - 08. Verwerkingslocaties;Een doorgiftemechanisme is een voorwaarde voor [internationale doorgifte].
DPIA onderwerp: verwerkingslocaties;DPIA - 08. Verwerkingslocaties;Verwerkingslocaties is een [DPIA onderwerp] dat de [verwerkingslocaties] beschrijft van de [gegevensverwerkingen] waar de [DPIA] betrekking op heeft.
Europese Economische Ruimte;DPIA - 08. Verwerkingslocaties;De Europese Economische Ruimte is een internationele overeenkomst en bestaat uit alle landen die lid zijn van de Europese Unie plus de landen IJsland, Liechtenstein en Noorwegen.
Internationale doorgifte;DPIA - 08. Verwerkingslocaties;Internationale doorgifte is het doorgeven van [persoonsgegevens] aan een [derde land] of internationale organisatie.
Internationale doorgifte buiten de EER;DPIA - 08. Verwerkingslocaties;Internationale doorgifte buiten de EER is [internationale doorgifte] naar een [derde land] of internationale organisatie buiten de [EER].
Risico op basis van doorgifte;DPIA - 08. Verwerkingslocaties;Een risico op basis van doorgifte is een [risico voor betrokkenen] dat ontstaat door een [internationale doorgifte buiten de EER].
Risico op basis van doorgifte maatregel;DPIA - 08. Verwerkingslocaties;Risico op basis van doorgifte maatregel is een [maatregel] op een [risico op basis van doorgifte].
Verwerkingslocatie;DPIA - 08. Verwerkingslocaties;Een verwerkingslocatie is een land waarin een [gegevensverwerking] plaatsvindt.
Beleid;DPIA - 09. Juridisch en beleidsmatig kader;Beleid is het geheel van regels en inzichten over de uitvoering van wettelijke taken van een bestuursorgaan.
Beleidsmatig kader;DPIA - 09. Juridisch en beleidsmatig kader;Het beleidsmatig kader is al het [beleid] met mogelijke gevolgen voor de [gegevensverwerking].
DPIA onderwerp: juridisch en beleidsmatig kader;DPIA - 09. Juridisch en beleidsmatig kader;Juridisch en beleidsmatig kader is een [DPIA onderwerp] dat het [juridisch kader] en [beleidsmatig kader] beschrijft  van de [gegevensverwerkingen] waar de [DPIA] betrekking op heeft.
Juridisch kader;DPIA - 09. Juridisch en beleidsmatig kader;Het juridisch kader is alle [wetgeving] en [regelgeving] met mogelijke gevolgen voor de [gegevensverwerking].
Regelgeving;DPIA - 09. Juridisch en beleidsmatig kader;Regelgeving omvat alle regels en voorschriften die door verschillende overheidsinstanties zijn vastgesteld om de uitvoering van [wetgeving] te specificeren en te operationaliseren.
Wetgeving;DPIA - 09. Juridisch en beleidsmatig kader;Wetgeving omvat alle wetten die door een bevoegde wetgevende instantie zijn vastgesteld.
Archivering;DPIA - 10. Bewaartermijnen;Archivering is het bewaren van en duurzaam toegankelijk maken en houden van [informatieobjecten] nadat deze voor hun doel zijn gebruikt.
Bewaartermijn;DPIA - 10. Bewaartermijnen;De bewaartermijn is de periode waarin [persoonsgegevens] bewaard moeten worden.
DPIA onderwerp: bewaartermijnen;DPIA - 10. Bewaartermijnen;Bewaartermijnen is een [DPIA onderwerp] dat de [bewaartermijnen] beschrijft van de [persoonsgegevens] waar de [DPIA] betrekking op heeft.
Motivatie bewaartermijn;DPIA - 10. Bewaartermijnen;Motivatie bewaartermijn is een beschrijving waarom de [bewaartermijn] niet langer is dan strikt noodzakelijk ten opzichte van de [verwerkingsdoeleinden].
Toezichthouder bewaartermijn;DPIA - 10. Bewaartermijnen;Toezichthouder bewaartermijn is een [afdeling] binnen een [partij] die toeziet op de [bewaartermijn] en de mogelijke vernietiging of [archivering] aan het einde van de [bewaartermijn].
DPIA onderwerp: rechtsgronden;DPIA - 11. Rechtsgronden;Rechtsgronden is een [DPIA onderwerp] dat de [rechtsgronden] beschrijft van de [gegevensverwerkingen] waar de [DPIA] betrekking op heeft.
Maatschappelijk belang;DPIA - 11. Rechtsgronden;Een maatschappelijk belang is een [belang] waarvan de behartiging voor de samenleving als geheel gewenst is. 
Publiek belang;DPIA - 11. Rechtsgronden;"Een publiek belang is een [belang]. Er is eerst sprake van een publiek belang
indien de overheid zich de behartiging van een [maatschappelijk belang] aantrekt op grond van de overtuiging dat dit [belang] anders niet goed tot zijn recht komt."
Rechtsgrond;DPIA - 11. Rechtsgronden;Een rechtsgrond is een voorwaarde waaraan moet zijn voldaan voordat een [gegevensverwerking] als rechtmatig kan worden beschouwd.
Rechtsgrond gerechtvaardigd belang;DPIA - 11. Rechtsgronden;Rechtsgrond gerechtvaardigd belang is een [rechtsgrond] waarbij de [gegevensverwerking] noodzakelijk is voor de behartiging van de gerechtvaardigde [belangen] van de [verwerkingsverantwoordelijke] of van een [derde], behalve wanneer de [belangen] of de grondrechten en de fundamentele vrijheden van de [betrokkene] die tot bescherming van [persoonsgegevens] nopen, zwaarder wegen dan die [belangen], met name wanneer de [betrokkene] een kind is.
Rechtsgrond gerechtvaardigd belang belangenafweging;DPIA - 11. Rechtsgronden;Een rechtsgrond gerechtvaardigd belang belangenafweging is een [belangenafweging] tussen de [belangen] en grondrechten van de [betrokkene] tegenover de [belangen] van de [verwerkingsverantwoordelijke].
Rechtsgrond noodzakelijk voor de uitvoering van een overeenkomst;DPIA - 11. Rechtsgronden;Rechtsgrond noodzakelijk voor de uitvoering van een overeenkomst is een [rechtsgrond] waarbij de [gegevensverwerking] noodzakelijk is voor de uitvoering van een overeenkomst met de [betrokkene], of om op verzoek van de [betrokkene] vóór de sluiting van een overeenkomst [maatregelen] te nemen.
Rechtsgrond taak van algemeen belang;DPIA - 11. Rechtsgronden;Rechtsgrond taak van algemeen belang is een [rechtsgrond] waarbij de verwerking noodzakelijk is voor de vervulling van een [taak van algemeen belang] of van een taak in het kader van de uitoefening van het openbaar gezag dat aan de [verwerkingsverantwoordelijke] is opgedragen.
Rechtsgrond toestemming;DPIA - 11. Rechtsgronden;Rechtsgrond toestemming is een [rechtsgrond] waarbij de [betrokkene] toestemming heeft gegeven voor de verwerking van zijn [persoonsgegevens] voor een of meer specifieke doeleinden.
Rechtsgrond vitaal belang;DPIA - 11. Rechtsgronden;Rechtsgrond vitaal belang is een [rechtsgrond] waarbij de verwerking noodzakelijk is om de [vitale belangen] van de [betrokkene] of van een andere [natuurlijke persoon] te beschermen.
Rechtsgrond wettelijke verplichting;DPIA - 11. Rechtsgronden;Rechtsgrond wettelijke verplichting is een [rechtsgrond] waarbij de [gegevensverwerking] noodzakelijk is om te voldoen aan een wettelijke verplichting die op de [verwerkingsverantwoordelijke] rust.
Taak van algemeen belang;DPIA - 11. Rechtsgronden;Een taak van algemeen belang is een taak van de rijksoverheid die voort komt uit een [publiek belang] en is vastgelegd in [wetgeving] en/of [regelgeving].
Toestemming ondubbelzinnig;DPIA - 11. Rechtsgronden;Toestemming ondubbelzinnig is een voorwaarde aan [Rechtsgrond toestemming] die stelt dat de toestemming ondubbelzinnig moet zijn.
Toestemming specifiek en geïnformeerd;DPIA - 11. Rechtsgronden;Toestemming specifiek en geïnformeerd is een voorwaarde aan de [Rechtsgrond toestemming] die stelt dat de toestemming specifiek en geïnformeerd moet zijn.
Toestemming vrij gegeven;DPIA - 11. Rechtsgronden;Toestemming vrij gegeven is een voorwaarde aan de [Rechtsgrond toestemming] die stelt dat de toestemming vrij gegeven moet zijn.
Vitaal belang;DPIA - 11. Rechtsgronden;Een vitaal belang is een [belang] dat essentieel is voor iemands leven of gezondheid, en die persoon niet om toestemming kan worden gevraagd om [persoonsgegevens] te verwerken.
Bijzonder persoonsgegeven;DPIA - 12. Bijzondere persoonsgegevens, strafrechtelijke persoonsgegevens en nationale identificatienummers;Een bijzonder persoonsgegeven is een [persoonsgegeven] dat in principe verboden is om te verwerken, volgend uit artikel 9, AVG.
Doorbrekingsgrond;DPIA - 12. Bijzondere persoonsgegevens, strafrechtelijke persoonsgegevens en nationale identificatienummers;Een doorbrekingsgrond is een wettelijke bepaling waarmee het verbod om [bijzondere persoonsgegevens] te verwerken wordt opgeheven.
DPIA onderwerp: bijzondere persoonsgegevens, strafrechtelijke persoonsgegevens en nationale identificatienummers;DPIA - 12. Bijzondere persoonsgegevens, strafrechtelijke persoonsgegevens en nationale identificatienummers;Bijzondere persoonsgegevens, strafrechtelijke persoonsgegevens en nationale identificatienummers is een [DPIA onderwerp] dat de [bijzondere persoonsgegevens], [strafrechtelijke persoonsgegevens] en [nationale identificatienummers] beschrijft waar de [DPIA] betrekking op heeft.
Strafrechtelijk persoonsgegeven;DPIA - 12. Bijzondere persoonsgegevens, strafrechtelijke persoonsgegevens en nationale identificatienummers;Strafrechtelijke persoonsgegevens zijn [persoonsgegevens] die strafrechtelijke veroordelingen en strafbare feiten of daarmee verband houdende veiligheidsmaatregelen betreffen. Verder gaat het ook om [persoonsgegevens] over een door de rechter opgelegd verbod naar aanleiding van onrechtmatig of hinderlijk gedrag.
Type bijzonder persoonsgegeven;DPIA - 12. Bijzondere persoonsgegevens, strafrechtelijke persoonsgegevens en nationale identificatienummers;Type bijzonder persoonsgegeven is een [classificatie] van het type waartoe een [bijzonder persoonsgegeven] behoort.
Type bijzonder persoonsgegeven: Biometrische gegevens met het oog op de unieke identificatie van een persoon;DPIA - 12. Bijzondere persoonsgegevens, strafrechtelijke persoonsgegevens en nationale identificatienummers;Biometrische gegevens met het oog op de unieke identificatie van een persoon zijn [bijzondere persoonsgegevens] die het resultaat zijn van een specifieke technische verwerking met fysieke, fysiologische of gedragsgerelateerde kenmerken van een persoon op grond waarvan eenduidige identificatie van die persoon mogelijk is of wordt bevestigd.
Type bijzonder persoonsgegeven: Gegevens met betrekking tot iemands seksueel gedrag of seksuele gerichtheid ;DPIA - 12. Bijzondere persoonsgegevens, strafrechtelijke persoonsgegevens en nationale identificatienummers;Gegevens met betrekking tot iemands seksueel gedrag of seksuele gerichtheid is een [bijzonder persoonsgegeven] met betrekking tot iemands seksueel gedrag of seksuele gerichtheid.
Type bijzonder persoonsgegeven: Gegevens over gezondheid;DPIA - 12. Bijzondere persoonsgegevens, strafrechtelijke persoonsgegevens en nationale identificatienummers;Gegevens over gezondheid zijn [bijzondere persoonsgegevens] over de fysieke of mentale gezondheid van een persoon.
Type bijzonder persoonsgegeven: Genetische gegevens;DPIA - 12. Bijzondere persoonsgegevens, strafrechtelijke persoonsgegevens en nationale identificatienummers;Genetische gegevens zijn [bijzondere persoonsgegevens] over overgeërfde of verworven genetische kenmerken van een persoon die unieke informatie verschaffen over de fysiologie of gezondheid en die met name voortkomen uit een analyse van een biologisch monster van die persoon.
Type bijzonder persoonsgegeven: Persoonsgegevens waaruit het lidmaatschap van een vakbond blijkt;DPIA - 12. Bijzondere persoonsgegevens, strafrechtelijke persoonsgegevens en nationale identificatienummers;Persoonsgegevens waaruit het lidmaatschap van een vakbond blijkt is een [bijzonder persoonsgegeven] waaruit het lidmaatschap van een vakbond blijkt.
Type bijzonder persoonsgegeven: Persoonsgegevens waaruit politieke opvattingen blijken;DPIA - 12. Bijzondere persoonsgegevens, strafrechtelijke persoonsgegevens en nationale identificatienummers;Persoonsgegevens waaruit het lidmaatschap van een vakbond blijkt is een [bijzonder persoonsgegeven] waaruit politieke opvattingen blijken.
Type bijzonder persoonsgegeven: Persoonsgegevens waaruit ras of etnische afkomst blijkt;DPIA - 12. Bijzondere persoonsgegevens, strafrechtelijke persoonsgegevens en nationale identificatienummers;Persoonsgegevens waaruit ras of etnische afkomst blijkt is een [bijzonder persoonsgegeven] waaruit ras of etnische afkomst blijkt.
Type bijzonder persoonsgegeven: Persoonsgegevens waaruit religieuze of levensbeschouwelijke overtuigingen blijken;DPIA - 12. Bijzondere persoonsgegevens, strafrechtelijke persoonsgegevens en nationale identificatienummers;Persoonsgegevens waaruit religieuze of levensbeschouwelijke overtuigingen blijken is een [bijzonder persoonsgegeven] waaruit religieuze of levensbeschouwelijke overtuigingen blijken.
Uitzonderingsgrond;DPIA - 12. Bijzondere persoonsgegevens, strafrechtelijke persoonsgegevens en nationale identificatienummers;Een uitzonderingsgrond is een wettelijke uitzondering op het verwerkingsverbod van [strafrechtelijke persoonsgegevens] of [nationale identificatienummers].
Doelbinding;DPIA - 13. Doelbinding;Doelbinding geldt wanneer het [verwerkingsdoeleinde] van een verdere [gegevensverwerking] als [verenigbaar] wordt beschouwd met de [oorspronkelijke verwerkingsdoeleinden] van de [persoonsgegevens] in die [gegevensverwerking].
DPIA onderwerp: doelbinding;DPIA - 13. Doelbinding;Doelbinding is een [DPIA onderwerp] dat de [doelbinding] beschrijft van de [gegevensverwerkingen] waar de [DPIA] betrekking op heeft.
Toelaatbaarheid hergebruik;DPIA - 13. Doelbinding;Toelaatbaarheid hergebruik geeft aan of [persoonsgegevens] die zijn verzameld voor een [oorspronkelijk verwerkingsdoeleinde] hergebruikt mogen worden voor een nieuw [verwerkingsdoeleinde].
Toelaatbaarheid hergebruik: niet toelaatbaar;DPIA - 13. Doelbinding;Niet toelaatbaar is een aanduiding van [toelaatbaarheid hergebruik] die aangeeft dat hergebruik niet is toegestaan.
Toelaatbaarheid hergebruik: toelaatbaar o.b.v. toestemming;DPIA - 13. Doelbinding;Toelaatbaarheid o.b.v. toestemming is een aanduiding van [toelaatbaarheid hergebruik] die aangeeft dat hergebruik is toegestaan op basis van toestemming van de [betrokkene].
Toelaatbaarheid hergebruik: toelaatbaar o.b.v. Unie- of lidstraatrechtelijk recht;DPIA - 13. Doelbinding;Toelaatbaarheid o.b.v. Unie- of lidstaatrechtelijk recht is een aanduiding van [toelaatbaarheid hergebruik] die aangeeft dat hergebruik is toegestaan op basis van een of meerdere wetsbepalingen in Unie- of lidstaatrechtelijk recht.
Verenigbaar;DPIA - 13. Doelbinding;Verenigbaar geeft aan dat er een concreet, logisch en nauw verband is tussen het [oorspronkelijke verwerkingsdoel] en de verdere [gegevensverwerking].
Verenigbaarheidstoets;DPIA - 13. Doelbinding;Een verenigbaarheidstoets is een beoordeling of een [gegevensverwerking] [verenigbaar] is met het [oorspronkelijk verwerkingsdoeleinde] van de [persoonsgegevens].
Proportionaliteit;DPIA - 14. Noodzaak en evenredigheid;Proportionaliteit is een beginsel dat stelt dat een [gegevensverwerking] alleen is toegestaan als de indringendheid van de [gegevensverwerking] in een redelijke verhouding staat tot het [verwerkingsdoeleinde].
Proportionaliteitsbeoordeling;DPIA - 14. Noodzaak en evenredigheid;Een proportionaliteitsbeoordeling is een beoordeling waarin wordt aangetoond dat de [gegevensverwerkingen] voldoen aan het beginsel van [proportionaliteit].
Subsidiariteit;DPIA - 14. Noodzaak en evenredigheid;Subsidiariteit is een beginsel dat stelt dat de [gegevensverwerkingen] alleen zijn toegestaan als de [verwerkingsdoeleinden] niet met minder ingrijpende middelen kunnen worden bereikt.
Subsidiariteitsbeoordeling;DPIA - 14. Noodzaak en evenredigheid;Een subsidiariteitsbeoordeling is een beoordeling waarin wordt aangetoond dat de [gegevensverwerkingen] voldoen aan het beginsel van [subsidiariteit].
Beperking recht van de betrokkene;DPIA - 15. Rechten van de betrokkene;Een beperking recht van betrokkene is het buiten toepassing laten van een [recht van de betrokkene].
Procedure recht van de betrokkene;DPIA - 15. Rechten van de betrokkene;Procedure recht van de betrokkene is een procedure waarmee invulling wordt gegeven aan een [recht van de betrokkene].
Recht om niet onderworpen te worden aan een uitsluitend op geautomatiseerde verwerking gebaseerd besluit;DPIA - 15. Rechten van de betrokkene;Het recht om niet onderworpen te worden aan een uitsluitend op geautomatiseerde verwerking gebaseerd besluit is een [recht van de betrokkene] waarbij de [betrokkene] het recht heeft niet te worden onderworpen aan een op [uitsluitend geautomatiseerde besluitvorming] gebaseerd besluit waaraan voor hem rechtsgevolgen zijn verbonden of dat hem anderszins in aanmerkelijke mate treft.
Recht op beperking van de verwerking;DPIA - 15. Rechten van de betrokkene;Het recht op beperking van de verwerking is een [recht van de betrokkene] waarbij, indien een van de elementen uit artikel 18, lid 1, AVG van toepassing is, de [betrokkene] het recht heeft van de [verwerkingsverantwoordelijke] te verkrijgen dat [persoonsgegevens], met uitzondering van de opslag ervan, slechts verwerkt worden met toestemming van de [betrokkene] of voor de instelling, uitoefening of onderbouwing van een rechtsvordering of ter bescherming van de rechten van een andere [natuurlijke persoon] of rechtspersoon of om gewichtige redenen van algemeen belang voor de Unie of voor een lidstaat. 
Recht op gegevenswissing;DPIA - 15. Rechten van de betrokkene;Het recht op gegevenswissing is een [recht van de betrokkene] waarbij de [betrokkene] het recht heeft van de [verwerkingsverantwoordelijke] zonder onredelijke vertraging wissing van hem betreffende [persoonsgegevens] te verkrijgen en de [verwerkingsverantwoordelijke] verplicht is [persoonsgegevens] zonder onredelijke vertraging te wissen.
Recht op informatie;DPIA - 15. Rechten van de betrokkene;Het recht op informatie is een [recht van de betrokkene] waarbij de [verwerkingsverantwoordelijke] verplicht is bij de verkrijging van de [persoonsgegevens] voorgedefinieerde informatie aan de [betrokkene] te verstrekken.
Recht op overdraagbaarheid van gegevens;DPIA - 15. Rechten van de betrokkene;Het recht op overdraagbaarheid van gegevens is een [recht van de betrokkene] waarbij de [betrokkene] het recht heeft de hem betreffende [persoonsgegevens], die hij aan een [verwerkingsverantwoordelijke] heeft verstrekt, in een gestructureerde, gangbare en machineleesbare vorm te verkrijgen, en het recht heeft die [persoonsgegevens] aan een andere [verwerkingsverantwoordelijke] over te dragen, zonder daarbij te worden gehinderd door de [verwerkingsverantwoordelijke] aan wie de [persoonsgegevens] waren verstrekt.
Recht op rectificatie;DPIA - 15. Rechten van de betrokkene;Het recht op rectificatie is een [recht van de betrokkene] waarbij de [betrokkene] het recht heeft om van de [verwerkingsverantwoordelijke]  rectificatie van hem betreffende onjuiste [persoonsgegevens] te verkrijgen. Met inachtneming van de [verwerkingsdoeleinden] van de [gegevensverwerking] heeft de [betrokkene] het recht vervollediging van onvolledige [persoonsgegevens] te verkrijgen, onder meer door een aanvullende verklaring te verstrekken.
Recht van bezwaar;DPIA - 15. Rechten van de betrokkene;Het recht van bezwaar is een [recht van de betrokkene] waarbij de [betrokkene] het recht heeft om vanwege met zijn specifieke situatie verband houdende redenen bezwaar te maken tegen de verwerking van hem betreffende [persoonsgegevens].
Recht van de betrokkene;DPIA - 15. Rechten van de betrokkene;Een recht van de betrokkene is een recht dat een [betrokkene] heeft als het gaat om de verwerking van zijn/haar [persoonsgegevens].
Recht van inzage;DPIA - 15. Rechten van de betrokkene;Het recht van inzage is een [recht van de betrokkene] waarbij de [betrokkene] het recht heeft om van de [verwerkingsverantwoordelijke] uitsluitsel te verkrijgen over het al dan niet verwerken van hem betreffende [persoonsgegevens] en, wanneer dat het geval is, om inzage te verkrijgen van die [persoonsgegevens] en overige informatie.
Uitsluitend geautomatiseerde besluitvorming;DPIA - 15. Rechten van de betrokkene;Uitsluitend geautomatiseerde besluitvorming is [geautomatiseerde besluitvorming] zonder menselijke tussenkomst.
Wettelijke uitzondering beperking recht van de betrokkene;DPIA - 15. Rechten van de betrokkene;Een wettelijke uitzondering beperking recht van de betrokkene is een wettelijke uitzondering waarop een [beperking recht van de betrokkene] is gebaseerd.
Anti-discriminatietoets;DPIA - 16. Risico's voor betrokkenen;Een anti-discriminatietoets is een toets die wordt uitgevoerd om te beoordelen of [gegevensverwerkingen] leiden tot [discriminatie].
Discriminatie;DPIA - 16. Risico's voor betrokkenen;Discriminatie is mensen anders behandelen, achterstellen of uitsluiten op basis van persoonskenmerken.
DPIA onderwerp: risico's voor betrokkenen;DPIA - 16. Risico's voor betrokkenen;Risico's voor betrokkenen is een [DPIA onderwerp] dat de [risico's voor betrokkenen] beschrijft van de [gegevensverwerkingen] waar de [DPIA] betrekking op heeft.
Gemiddeld risico;DPIA - 16. Risico's voor betrokkenen;Een gemiddeld risico is een [risico voor betrokkenen] met een gemiddeld [risiconiveau].
Gemiddelde impact;DPIA - 16. Risico's voor betrokkenen;Een gemiddelde impact is een aanduiding dat een [risico voor betrokkenen] een gemiddelde [impact] heeft wanneer deze intreedt.
Gemiddelde kans;DPIA - 16. Risico's voor betrokkenen;Een gemiddelde kans is een aanduiding dat de [kans] dat een [risico voor betrokkenen] intreedt gemiddeld is.
Hoge impact;DPIA - 16. Risico's voor betrokkenen;Een hoge impact is een aanduiding dat een [risico voor betrokkenen] een hoge [impact] heeft wanneer deze intreedt.
Hoge kans;DPIA - 16. Risico's voor betrokkenen;Een hoge kans is een aanduiding dat de [kans] dat een [risico voor betrokkenen] intreedt hoog is.
Hoog risico;DPIA - 16. Risico's voor betrokkenen;Een hoog risico is een [risico voor betrokkenen] met een hoog [risiconiveau].
Impact;DPIA - 16. Risico's voor betrokkenen;De impact is de ernst van de gevolgen voor de [betrokkenen] wanneer deze intreden.
Initieel risico voor betrokkenen;DPIA - 16. Risico's voor betrokkenen;Een initieel risico voor betrokkenen is een [risico voor betrokkenen] waarbij nog geen rekening is gehouden met bestaande of aanvullende [maatregelen].
Kans;DPIA - 16. Risico's voor betrokkenen;De kans is de waarschijnlijkheid dat gevolgen van een [risico voor betrokkenen] zullen intreden.
Laag risico;DPIA - 16. Risico's voor betrokkenen;Een laag risico is een [risico voor betrokkenen] met een laag [risiconiveau].
Lage impact;DPIA - 16. Risico's voor betrokkenen;Een lage impact is een aanduiding dat een [risico voor betrokkenen] een lage [impact] heeft wanneer deze intreedt.
Lage kans;DPIA - 16. Risico's voor betrokkenen;Een lage kans is een aanduiding dat de [kans] dat een [risico voor betrokkenen] intreedt laag is.
Mogelijk sprake op discriminatie bij DPIA;DPIA - 16. Risico's voor betrokkenen;Mogelijk sprake op discriminatie bij DPIA is een [classificatie] die aangeeft of er mogelijk sprake is van [discriminatie] als gevolg van de [gegevensverwerkingen] waar een [DPIA] op toeziet.
Mogelijk sprake op discriminatie bij DPIA: zou geen sprake kunnen zijn van discriminatie;DPIA - 16. Risico's voor betrokkenen;Zou geen sprake kunnen zijn van discriminatie is een aanduiding van [mogelijk sprake op discriminatie bij DPIA] die aangeeft dat er geen sprake kan zijn van [discriminatie] als gevolg van de [gegevensverwerkingen] waar een [DPIA] op toeziet.
Mogelijk sprake op discriminatie bij DPIA: zou sprake kunnen zijn van discriminatie;DPIA - 16. Risico's voor betrokkenen;Zou sprake kunnen zijn van discriminatie is een aanduiding van [mogelijk sprake op discriminatie bij DPIA] die aangeeft dat er mogelijk sprake is van [discriminatie] als gevolg van de [gegevensverwerkingen] waar een [DPIA] op toeziet.
Oorsprong risico voor betrokkenen;DPIA - 16. Risico's voor betrokkenen;Een oorsprong risico voor betrokkenen is de oorzaak van een [risico voor betrokkenen].
Rechten en vrijheden van de betrokkenen;DPIA - 16. Risico's voor betrokkenen;De rechten en vrijheden van de betrokkenen zijn de grondrechten en fundamentele vrijheden van de [betrokkenen].
Risico voor betrokkenen;DPIA - 16. Risico's voor betrokkenen;Een risico voor betrokkenen is een mogelijk negatief gevolg van de [gegevensverwerkingen] voor de [rechten en vrijheden van betrokkenen].
Risiconiveau;DPIA - 16. Risico's voor betrokkenen;Een risiconiveau is de zwaarte van een specifiek [risico voor betrokkenen], bepaald op basis van de [kans] en de [impact].
Autoriteit Persoonsgegevens;DPIA - 17. Maatregelen;De Autoriteit Persoonsgegevens is de onafhankelijke toezichthouder in Nederland die zich sterk maakt voor het recht op bescherming van [persoonsgegevens].
Beheerder van maatregelen;DPIA - 17. Maatregelen;De beheerder van maatregelen is de persoon of het organisatieonderdeel die verantwoordelijk is voor het feit dat de [maatregelen] worden uitgevoerd.
DPIA onderwerp: maatregelen;DPIA - 17. Maatregelen;Maatregelen is een [DPIA onderwerp] dat de [maatregelen] beschrijft op de [risico's voor betrokkenen] van de [gegevensverwerkingen] waar de [DPIA] betrekking op heeft.
Effect maatregelen;DPIA - 17. Maatregelen;Effect maatregelen is het effect van de bestaande en voorgenomen [maatregelen] op het [risico voor betrokkenen].
Locatie monitoring en evaluatie maatregelen;DPIA - 17. Maatregelen;Locatie monitoring en evaluatie maatregelen beschrijft waar de effectiviteit van de [maatregelen] t.b.v. een [DPIA] wordt gemonitord en geëvalueerd.
Maatregel;DPIA - 17. Maatregelen;Een maatregel is een bestaande of voorgenomen, passende maatregel om de beschreven [risico’s voor betrokkenen] van de [gegevensverwerkingen] aan te pakken.
Onderbouwing risico-acceptatie;DPIA - 17. Maatregelen;Onderbouwing risico-acceptatie is een heldere en duidelijke beschrijving waarom de [resterende risico's voor betrokkenen] binnen een [DPIA] na het nemen van de [maatregelen] acceptabel zijn.
Resterend risico voor betrokkenen;DPIA - 17. Maatregelen;Een resterend risico voor betrokkenen is een [risico voor betrokkenen] dat nog aanwezig is na de uitvoering en/of implementatie van de geïdentificeerde [maatregelen].
Voorafgaande raadpleging;DPIA - 17. Maatregelen;Voorafgaande raadpleging is wanneer de [verwerkingsverantwoordelijke] voorafgaand aan de [gegevensverwerking] de [Autoriteit Persoonsgegevens] raadpleegt. Dit is verplicht wanneer uit de DPIA blijkt dat de [gegevensverwerking] een [hoog risico] zou opleveren, ondanks de genomen [maatregelen].
DPIA-verplichting;Pre-scan DPIA - A. Inleiding/algemeen;Een DPIA-verplichting geldt wanneer een [partij] verplicht is een [DPIA] op te stellen voor een specifieke [organisatorische activiteit].
Pre-scan DPIA;Pre-scan DPIA - A. Inleiding/algemeen;De Pre-scan DPIA is een instrument aan de hand waarvan voor een [organisatorische activiteit] van [persoonsgegevens] bepaald kan worden of het verplicht is een [DPIA], [DTIA], [IAMA] of [KIA] uit te voeren en op welke aspecten van de [gegevensverwerking] mogelijke risico's zijn voorzien.
Bewaartermijn: Aantal jaren;Pre-scan DPIA - B. Gegevensverwerkingen;Aantal jaren is een aanduiding van een [bewaartermijn] die aangeeft dat de [persoonsgegevens] voor een aantal jaar moeten worden bewaard.
Bewaartermijn: Jaar;Pre-scan DPIA - B. Gegevensverwerkingen;Jaar is een aanduiding van een [bewaartermijn] die aangeeft dat de [persoonsgegevens] voor een jaar moeten worden bewaard.
Bewaartermijn: Minder dan 1 maand;Pre-scan DPIA - B. Gegevensverwerkingen;Minder dan 1 maand is een aanduiding van een [bewaartermijn] die aangeeft dat de [persoonsgegevens] voor minder dan een maand moeten worden bewaard.
Bewaartermijn: Minder dan 1 week;Pre-scan DPIA - B. Gegevensverwerkingen;Minder dan 1 week is een aanduiding van een [bewaartermijn] die aangeeft dat de [persoonsgegevens] voor minder dan een week moeten worden bewaard.
Bewaartermijn: Minder dan 24 uur;Pre-scan DPIA - B. Gegevensverwerkingen;Minder dan 24 uur is een aanduiding van een [bewaartermijn] die aangeeft dat de [persoonsgegevens] voor minder dan 24 uur moeten worden bewaard.
Categorie betrokkenen: Andere kwetsbare groepen;Pre-scan DPIA - B. Gegevensverwerkingen;Andere kwetsbare groepen is een [categorie betrokkenen] die aangeeft dat [persoonsgegevens] worden verwerkt van een [kwetsbare groep], niet zijnde [burgers], [kinderen jonger dan 16 jaar] of [medewerkers/bewindspersonen].
Categorie betrokkenen: Burgers;Pre-scan DPIA - B. Gegevensverwerkingen;Burgers is een [categorie betrokkenen] die aangeeft dat [persoonsgegevens] worden verwerkt van inwoners van Nederland.
Categorie betrokkenen: Kinderen jonger dan 16 jaar;Pre-scan DPIA - B. Gegevensverwerkingen;Kinderen jonger dan 16 jaar is een [categorie betrokkenen] die aangeeft dat [persoonsgegevens] worden verwerkt van kinderen jonger dan 16 jaar.
Categorie betrokkenen: Medewerkers/bewindspersonen;Pre-scan DPIA - B. Gegevensverwerkingen;Medewerkers/bewindspersonen is een [categorie betrokkenen] die aangeeft dat [persoonsgegevens] worden verwerkt van medewerkers of bewindspersonen.
Categorie betrokkenen: Specificatie categorie betrokkenen;Pre-scan DPIA - B. Gegevensverwerkingen;Specificatie categorie betrokkenen is een [categorie betrokkenen] die aangeeft dat [persoonsgegevens] worden verwerkt van [betrokkenen], niet zijnde [medewerkers/bewindspersonen], [burgers], [kinderen jonger dan 16 jaar] en [andere kwetsbare groepen].
Categorie gevoelige persoonsgegevens;Pre-scan DPIA - B. Gegevensverwerkingen;Een categorie gevoelige persoonsgegevens is een [categorie persoonsgegevens] met [persoonsgegevens] van het [type persoonsgegeven] [gevoelig].
Categorie gevoelige persoonsgegevens: Andere gegevens die kunnen leiden tot stigmatisering of uitsluiting van de betrokkene;Pre-scan DPIA - B. Gegevensverwerkingen;Andere gegevens die kunnen leiden tot stigmatisering of uitsluiting van de betrokkene is een [categorie gevoelige persoonsgegevens] met [persoonsgegevens] die kunnen leiden tot stigmatisering of uitsluiting van de [betrokkene], niet zijnde [communicatie- en locatiegegevens], [gebruikersnamen, wachtwoorden en andere inloggegevens], [gegevens die betrekking hebben op kwetsbare groepen], [gegevens die kunnen worden gebruikt voor fraude], [gegevens over de financiële situatie van de betrokkene] of [surfgedrag].
Categorie gevoelige persoonsgegevens: Communicatie- en locatiegegevens;Pre-scan DPIA - B. Gegevensverwerkingen;Communicatie- en locatiegegevens is een [categorie gevoelige persoonsgegevens] met [persoonsgegevens] over communicatie- en locatie.
Categorie gevoelige persoonsgegevens: Gebruikersnamen, wachtwoorden en andere inloggegevens;Pre-scan DPIA - B. Gegevensverwerkingen;Gebruikersnamen, wachtwoorden en andere inloggegevens is een [categorie gevoelige persoonsgegevens] met [persoonsgegevens] over gebruikersnamen, wachtwoorden en andere inloggegevens.
Categorie gevoelige persoonsgegevens: Gegevens die betrekking hebben op kwetsbare groepen;Pre-scan DPIA - B. Gegevensverwerkingen;Gegevens die betrekking hebben op kwetsbare groepen is een [categorie gevoelige persoonsgegevens] met [persoonsgegevens] over [kwetsbare groepen].
Categorie gevoelige persoonsgegevens: Gegevens die kunnen worden gebruikt voor fraude;Pre-scan DPIA - B. Gegevensverwerkingen;Gegevens die kunnen worden gebruikt voor fraude is een [categorie gevoelige persoonsgegevens] met [persoonsgegevens] die kunnen worden gebruikt voor fraude.
Categorie gevoelige persoonsgegevens: Gegevens over de financiële situatie van de betrokkene;Pre-scan DPIA - B. Gegevensverwerkingen;Gegevens over de financiële situatie van de betrokkene is een [categorie gevoelige persoonsgegevens] met [persoonsgegevens] over de financiële situatie van de [betrokkene].
Categorie gevoelige persoonsgegevens: Surfgedrag;Pre-scan DPIA - B. Gegevensverwerkingen;Surfgedrag is een [categorie gevoelige persoonsgegevens] met [persoonsgegevens] over surfgedrag.
Categorie gewone persoonsgegevens;Pre-scan DPIA - B. Gegevensverwerkingen;Een categorie gevoelige persoonsgegevens is een [categorie persoonsgegevens] met [persoonsgegevens] van het [type persoonsgegeven] [gewoon].
Categorie gewone persoonsgegevens: Apparaat- en internetgegevens;Pre-scan DPIA - B. Gegevensverwerkingen;Apparaat- en internetgegevens is een [categorie gewone persoonsgegevens] met [persoonsgegevens] over apparaat- en internet.
Categorie gewone persoonsgegevens: Content;Pre-scan DPIA - B. Gegevensverwerkingen;Content is een [categorie gewone persoonsgegevens] met [persoonsgegevens] over content.
Categorie gewone persoonsgegevens: Demografische gegevens;Pre-scan DPIA - B. Gegevensverwerkingen;Demografische gegevens is een [categorie gewone persoonsgegevens] met [persoonsgegevens] over demografie.
Categorie gewone persoonsgegevens: Diagnostische gegevens of telemetrie;Pre-scan DPIA - B. Gegevensverwerkingen;Diagnostische gegevens of telemetrie is een [categorie gewone persoonsgegevens] met [persoonsgegevens] over diagnostiek of telemetrie.
Categorie gewone persoonsgegevens: Gegevens verzameld via een website;Pre-scan DPIA - B. Gegevensverwerkingen;Apparaat- en internetgegevens is een [categorie gewone persoonsgegevens] met [persoonsgegevens] over apparaat- en internet.
Categorie gewone persoonsgegevens: Helpdeskgegevens;Pre-scan DPIA - B. Gegevensverwerkingen;Gegevens verzameld via een website is een [categorie gewone persoonsgegevens] met [persoonsgegevens] verzameld via een website.
Categorie gewone persoonsgegevens: Logging;Pre-scan DPIA - B. Gegevensverwerkingen;Logging is een [categorie gewone persoonsgegevens] met [persoonsgegevens] over logging.
Categorie gewone persoonsgegevens: Naam, contactgegevens;Pre-scan DPIA - B. Gegevensverwerkingen;Naam, contactgegevens is een [categorie gewone persoonsgegevens] met [persoonsgegevens] over namen of contactinformatie.
Categorie gewone persoonsgegevens: Overige;Pre-scan DPIA - B. Gegevensverwerkingen;Overige is een [categorie gewone persoonsgegevens] met [persoonsgegevens], niet zijnde [apparaat- en internetgegevens], [content], [demografische gegevens], [diagnostische gegevens of telemetrie], [gegevens verzameld via een website], [helpdeskgegevens], [logging] en [naam, contactgegevens].
Frequentie van verwerking;Pre-scan DPIA - B. Gegevensverwerkingen;Frequentie van verwerking is een aanduiding die aangeeft met welke frequentie [persoonsgegevens] worden verwerkt.
Frequentie van verwerking: Continu;Pre-scan DPIA - B. Gegevensverwerkingen;Continu is een aanduiding van de [frequentie van verwerking] die aangeeft dat [persoonsgegevens] continu worden verwerkt.
Frequentie van verwerking: Eenmalig;Pre-scan DPIA - B. Gegevensverwerkingen;Eenmalig is een aanduiding van de [frequentie van verwerking] die aangeeft dat [persoonsgegevens] eenmalig worden verwerkt.
Frequentie van verwerking: Minstens jaarlijks;Pre-scan DPIA - B. Gegevensverwerkingen;Minstens jaarlijks is een aanduiding van de [frequentie van verwerking] die aangeeft dat [persoonsgegevens] minstens jaarlijks worden verwerkt.
Frequentie van verwerking: Minstens maandelijks;Pre-scan DPIA - B. Gegevensverwerkingen;Minstens maandelijks is een aanduiding van de [frequentie van verwerking] die aangeeft dat [persoonsgegevens] minstens maandelijks worden verwerkt.
Frequentie van verwerking: Onregelmatig;Pre-scan DPIA - B. Gegevensverwerkingen;Onregelmatig is een aanduiding van de [frequentie van verwerking] die aangeeft dat [persoonsgegevens] onregelmatig worden verwerkt.
Frequentie van verwerking: Vaker dan maandelijks;Pre-scan DPIA - B. Gegevensverwerkingen;Vaker dan maandelijks is een aanduiding van de [frequentie van verwerking] die aangeeft dat [persoonsgegevens] vaker dan maandelijks worden verwerkt.
Doorgiftemechanisme: Adequaatheidsbesluit;Pre-scan DPIA - C. Internationale doorgiften;Een adequaatheidsbesluit is een [doorgiftemechanisme] in de vorm van een besluit door de Europese Commissie dat het [derde land], een gebied of één of meerdere nader bepaalde sectoren in dat [derde land], of de internationale organisatie in kwestie een passend beschermingsniveau waarborgt.
Doorgiftemechanisme: Bindend bedrijfsvoorschrift;Pre-scan DPIA - C. Internationale doorgiften;Een bindend bedrijfsvoorschrift is een [doorgiftemechanisme] in de vorm van [beleid] inzake de bescherming van [persoonsgegevens] dat een op het grondgebied van een lidstaat gevestigde [verwerkingsverantwoordelijke] of [verwerker] voert met betrekking tot de doorgifte of reeksen van doorgiften van [persoonsgegevens] aan een [verwerkingsverantwoordelijke] of [verwerker] in een of meer [derde landen] binnen een concern of een groepering van ondernemingen die gezamenlijk een economische activiteit uitoefenen.
Doorgiftemechanisme: Standaard contractsbepaling;Pre-scan DPIA - C. Internationale doorgiften;Een standaard contractsbepaling is een [doorgiftemechanisme] in de vorm van een contractuele clausule die passende waarborgen voor gegevensbescherming garandeert, vooraf goedgekeurd door de Europese Commissie.
Doorgiftemechanisme: uitzondering artikel 49 AVG;Pre-scan DPIA - C. Internationale doorgiften;Uitzondering artikel 49 AVG is een [doorgiftemechanisme] dat zich beroept op één van de voorwaarden uit artikel 49, lid 1, AVG.
DTIA-verplichting;Pre-scan DPIA - C. Internationale doorgiften;Een DTIA-verplichting geldt wanneer een [partij] verplicht is een [DTIA] op te stellen voor een [internationale doorgifte].
Internationale doorgifte bijzondere persoonsgegevens buiten de EER: bijzondere persoonsgegevens;Pre-scan DPIA - C. Internationale doorgiften;Persoonsgegevens is een aanduiding van een [classificatie] van [Internationale doorgifte buiten de EER] die aangeeft dat er geen doorgifte is van [bijzondere persoonsgegevens] naar een [derde land] of internationale organisatie buiten de [EER].
Internationale doorgifte bijzondere persoonsgegevens buiten de EER: geen bijzondere persoonsgegevens;Pre-scan DPIA - C. Internationale doorgiften;Geen persoonsgegevens is een aanduiding van een [classificatie] van [Internationale doorgifte buiten de EER] die aangeeft dat er geen doorgifte is van [bijzondere persoonsgegevens] naar een [derde land] of internationale organisatie buiten de [EER].
Internationale doorgifte buiten de EER: geen persoonsgegevens;Pre-scan DPIA - C. Internationale doorgiften;Geen persoonsgegevens is een aanduiding van een [classificatie] van [Internationale doorgifte buiten de EER] die aangeeft dat er geen doorgifte is van [persoonsgegevens] naar een [derde land] of internationale organisatie buiten de [EER].
Internationale doorgifte buiten de EER: persoonsgegevens;Pre-scan DPIA - C. Internationale doorgiften;Persoonsgegevens is een aanduiding van een [classificatie] van [Internationale doorgifte buiten de EER] die aangeeft dat er geen doorgifte is van [persoonsgegevens] naar een [derde land] of internationale organisatie buiten de [EER].
Opslag van gegevens;Pre-scan DPIA - C. Internationale doorgiften;Opslag van gegevens is een [classificatie] van waar de opslag van [persoonsgegevens] contractueel plaats vindt.
Opslag van gegevens: Buiten EER;Pre-scan DPIA - C. Internationale doorgiften;Buiten EER is een aanduiding van de [opslag van gegevens] die aangeeft dat die opslag contractueel buiten de [Europese Economische Ruimte] plaats vindt.
Opslag van gegevens: Datacenter EER;Pre-scan DPIA - C. Internationale doorgiften;Datacenter EER is een aanduiding van de [opslag van gegevens] die aangeeft dat die opslag contractueel plaats vindt in een datacenter binnen de [Europese Economische Ruimte].
Opslag van gegevens: On premise;Pre-scan DPIA - C. Internationale doorgiften;On premise is een aanduiding van de [opslag van gegevens] die aangeeft dat die opslag contractueel lokaal plaats vindt, niet in de cloud of in een remote server.
DTIA;Pre-scan DPIA - D. Lijst AP;Een DTIA is een onderzoek naar een specifieke [internationale doorgifte], de daaraan verbonden risico's en de mogelijkheden om de geïnventariseerde risico's te mitigeren.
Lijst AP;Pre-scan DPIA - D. Lijst AP;De Lijst AP is een lijst opgesteld door de [AP] die 17 [gegevensverwerkingen] omvat waarvoor een [DPIA] verplicht is.
Lijst AP: Biometrische gegevens;Pre-scan DPIA - D. Lijst AP;Biometrische gegevens is een [gegevensverwerking] uit de [Lijst AP] m.b.t. grootschalige [gegevensverwerking] en/of stelselmatige monitoring van [Type bijzonder persoonsgegeven: Biometrische gegevens met het oog op de unieke identificatie van een persoon].
Lijst AP: Cameratoezicht;Pre-scan DPIA - D. Lijst AP;Cameratoezicht is een [gegevensverwerking] uit de [Lijst AP] m.b.t. grootschalige en/of stelselmatige monitoring van openbaar toegankelijke ruimten met behulp van camera’s, webcams of drones.
Lijst AP: Communicatiegegevens;Pre-scan DPIA - D. Lijst AP;Communicatiegegevens is een [gegevensverwerking] uit de [Lijst AP] m.b.t. een grootschalige [gegevensverwerking] en/of stelselmatige monitoring van communicatiegegevens inclusief metadata herleidbaar tot [natuurlijke personen], tenzij en voor zover dit noodzakelijk is ter bescherming van de integriteit en de veiligheid van het netwerk en de dienst van de betrokken aanbieder, of het randapparaat van de eindgebruiker.
Lijst AP: Controle werknemers;Pre-scan DPIA - D. Lijst AP;Controle werknemers is een [gegevensverwerking] uit de [Lijst AP] m.b.t. een grootschalige [gegevensverwerking] van [persoonsgegevens] en/of stelselmatig monitoring van activiteiten van werknemers.
Lijst AP: Creditscores;Pre-scan DPIA - D. Lijst AP;Creditscores is een [gegevensverwerking] uit de [Lijst AP] m.b.t. een grootschalige [gegevensverwerking] en/of stelselmatige monitoring die leidt tot of gebruik maakt van inschattingen van de kredietwaardigheid van [natuurlijke personen].
Lijst AP: Financiële situatie;Pre-scan DPIA - D. Lijst AP;Financiële situatie is een [gegevensverwerking] uit de [Lijst AP] m.b.t. een grootschalige [gegevensverwerking] en/of stelselmatige monitoring van financiële gegevens waaruit de inkomens- of vermogenspositie of het bestedingspatroon van mensen valt af te leiden.
Lijst AP: Flexibel cameratoezicht;Pre-scan DPIA - D. Lijst AP;Flexibel cameratoezicht is een [gegevensverwerking] uit de [Lijst AP] m.b.t. het grootschalig en/of stelselmatig gebruik van flexibel cameratoezicht.
Lijst AP: Fraudebestrijding;Pre-scan DPIA - D. Lijst AP;Fraudebestrijding is een [gegevensverwerking] uit de [Lijst AP] m.b.t. grootschalige verwerkingen van (bijzondere) persoonsgegevens en-of stelselmatige monitoring in het kader van fraudebestrijding.
Lijst AP: Genetische persoonsgegevens;Pre-scan DPIA - D. Lijst AP;Genetische persoonsgegevens is een [gegevensverwerking] uit de [Lijst AP] m.b.t. grootschalige [gegevensverwerkingen] en/of stelselmatige monitoring van [Type bijzonder persoonsgegeven: Genetische gegevens].
Lijst AP: Gezondheidsgegevens;Pre-scan DPIA - D. Lijst AP;Gezondheidsgegevens is een [gegevensverwerking] uit de [Lijst AP] m.b.t. grootschalige [gegevensverwerkingen] van [Type bijzonder persoonsgegeven: Gegevens over gezondheid] waaronder ook grootschalige elektronische uitwisseling van [Type bijzonder persoonsgegeven: Gegevens over gezondheid].
Lijst AP: Heimelijk onderzoek;Pre-scan DPIA - D. Lijst AP;Heimelijk onderzoek is een [gegevensverwerking] uit de [Lijst AP] m.b.t. grootschalige [gegevensverwerkingen] van [persoonsgegevens] en-of stelselmatige monitoring waarbij informatie wordt verzameld door middel van onderzoek zonder de [betrokkene] daarvan vooraf op de hoogte te stellen.
Lijst AP: Internet of things;Pre-scan DPIA - D. Lijst AP;Internet of things is een [gegevensverwerking] uit de [Lijst AP] m.b.t. grootschalige [gegevensverwerkingen] en/of stelselmatige monitoring van persoonsgegevens die worden gegenereerd door apparaten die verbonden zijn met internet en die via internet of anderszins gegevens kunnen versturen of uitwisselen.
Lijst AP: Locatiegegevens;Pre-scan DPIA - D. Lijst AP;Internet of things is een [gegevensverwerking] uit de [Lijst AP] m.b.t. grootschalige [gegevensverwerking] en/of stelselmatige monitoring van locatiegegevens van of herleidbaar tot [natuurlijke personen].
Lijst AP: Observatie en beïnvloeding van gedrag;Pre-scan DPIA - D. Lijst AP;Observatie en beïnvloeding van gedrag is een [gegevensverwerking] uit de [Lijst AP] m.b.t. grootschalige [gegevensverwerking] van [persoonsgegevens] waarbij op stelselmatige wijze via geautomatiseerde verwerking gedrag van [natuurlijke personen] geobserveerd of beïnvloed, dan wel gegevens daarover worden verzameld en/of vastgelegd, inclusief gegevens die voor het [verwerkingsdoeleinde] online behavioural advertising worden verzameld.
Lijst AP: Profilering;Pre-scan DPIA - D. Lijst AP;Profilering is een [gegevensverwerking] uit de [Lijst AP] m.b.t. systematische en uitgebreide beoordeling van persoonlijke aspecten van [natuurlijke personen] gebaseerd op geautomatiseerde verwerking.
Lijst AP: Samenwerkingsverbanden;Pre-scan DPIA - D. Lijst AP;Samenwerkingsverbanden is een [gegevensverwerking] uit de [Lijst AP] m.b.t. het delen van [persoonsgegevens] in of door samenwerkingsverbanden waarin gemeenten of andere overheden met andere publieke of private partijen [bijzondere persoonsgegevens] of [persoonsgegevens] van gevoelige aard met elkaar uitwisselen.
Lijst AP: Zwarte lijsten;Pre-scan DPIA - D. Lijst AP;Zwarte lijsten is een [gegevensverwerking] uit de [Lijst AP] m.b.t. [gegevensverwerkingen] waarbij [persoonsgegevens] betreffende strafrechtelijke veroordelingen en strafbare feiten, gegevens over onrechtmatig of hinderlijk gedrag of gegevens over slecht betalingsgedrag door bedrijven of particulieren worden verwerkt en gedeeld met [derden].
EDPB;Pre-scan DPIA - E. Lijst EDPB;De European Data Protection Board is een onafhankelijk Europees orgaan. Het is de overkoepelende organisatie waarin de nationale toezichthouders van de landen in de [Europese Economische Ruimte] (EER) en de Europese Toezichthouder voor gegevensbescherming (EDPS) samenwerken.
Lijst EDPB;Pre-scan DPIA - E. Lijst EDPB;De Lijst EDPB is een lijst opgesteld door de [EDPB] die bestaat uit 9 criteria waaraan [gegevensverwerkingen] kunnen voldoen, waardoor ze een [DPIA] vereisen op gront van hun inherent hoge risico.
Lijst EDPB: Bijzondere persoonsgegevens of zeer gevoelige persoonsgegevens ;Pre-scan DPIA - E. Lijst EDPB;"Bijzondere persoonsgegevens of zeer gevoelige persoonsgegevens is een criteria uit de [Lijst EDPB] die speciale categorieën
persoonsgegevens omvat zoals omschreven in artikel 9, AVG, evenals persoonsgegevens met betrekking tot strafrechtelijke veroordelingen of strafbare feiten zoals omschreven in artikel 10, AVG."
Lijst EDPB: Blokkering van een dienst, recht of contract ;Pre-scan DPIA - E. Lijst EDPB;Blokkering van een dienst, recht of contract is een criteria uit de [Lijst EDPB] waarbij als gevolg van de [gegevensverwerking] zelf [betrokkenen] een recht niet kunnen uitoefenen of geen beroep kunnen doen op een dienst of een overeenkomst.
Lijst EDPB: Geautomatiseerde besluitvorming;Pre-scan DPIA - E. Lijst EDPB;Geautomatiseerde besluitvorming is een criteria uit de [Lijst EDPB] m.b.t. een [gegevensverwerking] die gericht is op het nemen van beslissingen met betrekking tot [betrokkenen] waaraan voor de [natuurlijke persoon] rechtsgevolgen zijn verbonden of die de [natuurlijke persoon] op vergelijkbare wijze wezenlijk treffen.
Lijst EDPB: Gebruik van nieuwe technologieën;Pre-scan DPIA - E. Lijst EDPB;Gebruik van nieuwe technologieën is een criteria uit de [Lijst EDPB] met betrekking tot innovatief gebruik of innovatieve toepassing van nieuwe technologische of organisatorische oplossingen.
Lijst EDPB: Grootschalige gegevensverwerkingen ;Pre-scan DPIA - E. Lijst EDPB;Grootschalige gegevensverwerkingen is een criteria uit de [Lijst EDPB] met betrekking tot op grote schaal verwerkte gegevens.
Lijst EDPB: Koppelen van datasets;Pre-scan DPIA - E. Lijst EDPB;Koppelen van datasets is een criteria uit de [Lijst EDPB] met betrekking tot matching of samenvoeging van datasets.
Lijst EDPB: Mensen beoordelen met persoonskenmerken (evaluatie of scoring);Pre-scan DPIA - E. Lijst EDPB;Mensen beoordelen met persoonskenmerken (evaluatie of scoring) is een criteria uit de [Lijst EDPB] met betrekking tot evaluatie of scoretoekenning.
Lijst EDPB: Stelselmatige en grootschalige monitoring;Pre-scan DPIA - E. Lijst EDPB;Stelselmatige en grootschalige monitoring is een criteria uit de [Lijst EDPB] m.b.t. een [gegevensverwerking] die wordt gebruikt voor het observeren, monitoren of controleren van [betrokkenen].
Lijst EDPB: Verwerking van persoonsgegevens over kwetsbare groepen of personen ;Pre-scan DPIA - E. Lijst EDPB;Verwerking van persoonsgegevens over kwetsbare groepen of personen is een criteria uit de [Lijst EDPB] m.b.t. een [gegevensverwerking] van gegevens met betrekking tot kwetsbare [betrokkenen].
Basisregistratie;Pre-scan DPIA - F. Basisregistraties;Een basisregistratie is een door de overheid officieel aangewezen registratie met daarin gegevens van hoogwaardige kwaliteit, die door alle overheidsinstellingen verplicht en zonder nader onderzoek, worden gebruikt bij de uitvoering van [taken van algemeen belang].
Basisregistratie: Basisregistratie Adressen en Gebouwen;Pre-scan DPIA - F. Basisregistraties;De Basisregistratie Adressen en Gebouwen is een [basisregistratie] die gegevens bevat van alle adressen en gebouwen in Nederland.
Basisregistratie: Basisregistratie Grootschalige Topografie;Pre-scan DPIA - F. Basisregistraties;De Basisregistratie Grootschalige Topografie is een [basisregistratie] met een digitale kaart van Nederland waarop gebouwen, wegen, waterlopen, terreinen en spoorlijnen eenduidig zijn vastgelegd.
Basisregistratie: Basisregistratie Inkomen;Pre-scan DPIA - F. Basisregistraties;De Basisregistratie Inkomen is een [basisregistratie] waarin van burgers het verzamelinkomen of het belastbaar jaarloon staat.
Basisregistratie: Basisregistratie Kadaster;Pre-scan DPIA - F. Basisregistraties;De Basisregistratie Kadaster is een [basisregistratie] die informatie bevat over percelen, eigendom, hypotheken, beperkte rechten, leidingnetwerken en kadastrale kaarten met perceel, perceelnummer, oppervlakte, kadastrale grens en de grenzen van het rijk, de provincies en gemeenten.
Basisregistratie: Basisregistratie Ondergrond;Pre-scan DPIA - F. Basisregistraties;De Basisregistratie Ondergrond is een [basisregistratie] die gegevens bevat over geologische en bodemkundige opbouw van de Nederlandse ondergrond.
Basisregistratie: Basisregistratie personen;Pre-scan DPIA - F. Basisregistraties;De Basisregistratie personen is een [basisregistratie] die [persoonsgegevens] bevat over alle ingezetenen van Nederland en over personen die niet in Nederland wonen – of hier slechts kort verblijven – maar die een relatie hebben met de Nederlandse overheid, de ‘niet-ingezetenen’.
Basisregistratie: Basisregistratie Topografie;Pre-scan DPIA - F. Basisregistraties;De Basisregistratie Topografie is een [basisregistratie] die bestaat uit digitale topografische bestanden op verschillende schaalniveaus.
Basisregistratie: Basisregistratie Voertuigen;Pre-scan DPIA - F. Basisregistraties;De Basisregistratie Voertuigen is een [basiregistratie] waarin gegevens staan van voertuigen, kentekenbewijzen en personen aan wie het kentekenbewijs is afgegeven.
Basisregistratie: Basisregistratie Waarde Onroerende Zaken;Pre-scan DPIA - F. Basisregistraties;De Basisregistratie Waarde Onroerende Zaken is een [basisregistratie] die, naast het authentieke gegeven “vastgestelde waarde” (WOZ-waarde), ook uit de gegevens bestaat die nodig zijn om deze waarde aan zowel een onroerende zaak te relateren als aan een belanghebbende.
Basisregistratie: Handelsregister;Pre-scan DPIA - F. Basisregistraties;Het Handelsregister is de [basisregistratie] van alle rechtspersonen en ondernemingen in Nederland.
IAMA;Pre-scan DPIA - G. Algoritmes/AI;De IAMA is een instrument voor discussie en besluitvorming voor overheidsorganen, dat een interdisciplinaire dialoog mogelijk maakt door degenen die verantwoordelijk zijn voor de ontwikkeling en/of inzet van een [algoritme].
IAMA-verplichting;Pre-scan DPIA - G. Algoritmes/AI;Een IAMA-verplichting geldt wanneer een [partij] verplicht is een [IAMA] op te stellen voor een [algoritme].
Digitale dienst;Pre-scan DPIA - J. Kinderrechten;Een digitale diensten is iedere dienst die op enigerlei wijze gebruik maakt van digitale technologie.
Digitale dienst voor personen jonger dan 18 jaar;Pre-scan DPIA - J. Kinderrechten;Digitale dienst voor personen jonger dan 18 jaar is een [classificatie] die aangeeft of een [digitale dienst] wordt aangeboden die primair bedoeld is voor gebruik door personen jonger dan 18 jaar.
Digitale dienst voor personen jonger dan 18 jaar: een digitale dienst aangeboden die primair bedoeld is voor gebruik door personen jonger dan 18 jaar;Pre-scan DPIA - J. Kinderrechten;Een digitale dienst aangeboden die primair bedoeld is voor gebruik door personen jonger dan 18 jaar is een aanduiding van [digitale dienst voor personen jonger dan 18 jaar] die aangeeft dat er een digitale dienst aangeboden die primair bedoeld is voor gebruik door personen jonger dan 18 jaar.
Digitale dienst voor personen jonger dan 18 jaar: geen digitale dienst aangeboden die primair bedoeld is voor gebruik door personen jonger dan 18 jaar;Pre-scan DPIA - J. Kinderrechten;Geen digitale dienst aangeboden die primair bedoeld is voor gebruik door personen jonger dan 18 jaar is een aanduiding van [digitale dienst voor personen jonger dan 18 jaar] die aangeeft dat er geen digitale dienst aangeboden die primair bedoeld is voor gebruik door personen jonger dan 18 jaar.
KIA;Pre-scan DPIA - J. Kinderrechten;De KIA is een hulpmiddel om te komen tot de best mogelijke beoordeling van de [digitale dienst] in relatie tot de rechten en het welzijn van kinderen.
KIA-verplichting;Pre-scan DPIA - J. Kinderrechten;Een KIA-verplichting geldt wanneer een [partij] verplicht is een [KIA] op te stellen voor een [digitale dienst].
